title,type,due_date,link
Project 4: Artifact + Documentation,assignment,2050-10-03T23:59,/courses/1150618/assignments/6873380
Midterm 2: with Snap! (Fractal),assignment,2050-09-24T23:59,/courses/1150618/assignments/6873381
Midterm 1 Fractal (with Snap!),assignment,2050-09-17T23:59,/courses/1150618/assignments/6873382
Lecture Quiz 4: Iteration,assignment,2050-08-09T23:59,/courses/1150618/assignments/6873383
Project 4 RESUBMISSION: Artifact + Documentation,assignment,2050-10-03T23:59,/courses/1150618/assignments/6873384
Lecture Quiz 12: Higher-Order Functions,assignment,2050-09-18T23:59,/courses/1150618/assignments/6873385
Lab 4: Lists + Loops (Conceptual),assignment,2050-08-10T23:59,/courses/1150618/assignments/6873386
Lab 4: Lists + Loops (code),assignment,2050-08-10T23:59,/courses/1150618/assignments/6873387
Postterm 3: With Snap! (Recursion),assignment,2052-06-14T23:59,/courses/1150618/assignments/6873388
Lab 5: Lists + HOFs (Conceptual),assignment,2050-08-15T23:59,/courses/1150618/assignments/6873389
Lecture Quiz 1: Welcome to CS10 & Abstraction,assignment,2050-07-31T23:59,/courses/1150618/assignments/6873390
Lecture Quiz 2: Functions,assignment,2050-08-08T23:59,/courses/1150618/assignments/6873391
Project 3: 2048,assignment,2050-09-18T23:59,/courses/1150618/assignments/6873392
Lab 2: Build Your Own Blocks (Code),assignment,2050-08-03T23:59,/courses/1150618/assignments/6873393
Lab 8: Boards (Conceptual),assignment,2050-08-29T23:59,/courses/1150618/assignments/6873394
Lab 2: Build Your Own Blocks (Conceptual),assignment,2050-08-03T23:59,/courses/1150618/assignments/6873395
Lab 5: Lists + HOFs (Code),assignment,2050-08-15T23:59,/courses/1150618/assignments/6873396
"Discussion 3: Domain/Range, Scoping, Iteration, Lists	",assignment,2050-08-17T23:59,/courses/1150618/assignments/6873397
Discussion 2: Numeral Representation + Control Structures	,assignment,2050-08-10T23:59,/courses/1150618/assignments/6873398
Discussion 1: Welcome to CS10!,assignment,2050-08-03T23:59,/courses/1150618/assignments/6873399
Project 1: Wordle™-lite,assignment,2050-08-09T23:59,/courses/1150618/assignments/6873400
Lecture Quiz 3: Numbers and Abstraction,assignment,2050-08-07T23:59,/courses/1150618/assignments/6873401
"Lab 3: Conditionals, Reporters & Abstraction (Code)",assignment,2050-08-08T23:59,/courses/1150618/assignments/6873402
"Lab 3: Conditionals, Reporters, & Abstraction (Conceptual)",assignment,2050-08-08T23:59,/courses/1150618/assignments/6873403
Lecture Quiz 11: Testing + 2048,assignment,2050-09-06T23:59,/courses/1150618/assignments/6873404
Lab 6: Algorithms (Code),assignment,2050-08-17T23:59,/courses/1150618/assignments/6873405
"Lecture Quiz 5: Lists, Scoping, & HOFs",assignment,2050-08-14T23:59,/courses/1150618/assignments/6873406
Lecture Quiz 7: Algorithmic Complexity,assignment,2050-08-23T23:59,/courses/1150618/assignments/6873407
Lecture Quiz 14: Computers in Education ,assignment,2050-09-18T23:59,/courses/1150618/assignments/6873408
Lecture Quiz 6: Algorithms,assignment,2050-08-16T23:59,/courses/1150618/assignments/6873409
Discussion 4: Algorithmic Complexity + Quest Practice,assignment,2050-08-24T23:59,/courses/1150618/assignments/6873410
Lab 7: Algorithmic Complexity (Code),assignment,2050-08-24T23:59,/courses/1150618/assignments/6873411
Lab 9: Trees and Fractals (Code),assignment,2050-08-31T23:59,/courses/1150618/assignments/6873412
Lecture Quiz 8: Linear Recursion,assignment,2050-08-28T23:59,/courses/1150618/assignments/6873413
Lab 10: Recursive Reporters (Conceptual),assignment,2050-09-05T23:59,/courses/1150618/assignments/6873414
Discussion 5: Nested Lists + Recursion	,assignment,2050-08-31T23:59,/courses/1150618/assignments/6873415
Lecture Quiz 9: Recursion II (Fractals),assignment,2050-08-30T23:59,/courses/1150618/assignments/6873416
Lab 9: Trees and Fractals (Conceptual),assignment,2050-08-31T23:59,/courses/1150618/assignments/6873417
Lab 10: Recursive Reporters (Code),assignment,2050-09-05T23:59,/courses/1150618/assignments/6873418
Lab 12: HOFs and Functions as Data (Code),assignment,2050-09-14T23:59,/courses/1150618/assignments/6873419
Discussion 6: More Recursion!	,assignment,2050-09-07T23:59,/courses/1150618/assignments/6873420
"Discussion 7: HOFs, Lambdas, Debugging	",assignment,2050-09-14T23:59,/courses/1150618/assignments/6873421
Lecture Quiz 13: Saving the World with Computing (Guest Lecture),assignment,2050-09-13T23:59,/courses/1150618/assignments/6873422
Lecture Quiz 10: Recursion III (Tree Recursion),assignment,2050-09-04T23:59,/courses/1150618/assignments/6873423
Lab 12: HOFs and Functions as Data (Conceptual),assignment,2050-09-14T23:59,/courses/1150618/assignments/6873424
Lab 15: Data Structures in Python (Conceptual),assignment,2050-10-10T23:59,/courses/1150618/assignments/6873425
Lecture Quiz 15: Programming Paradigms,assignment,2050-09-20T23:59,/courses/1150618/assignments/6873426
Lecture Quiz 18: Python II - Data Structures,assignment,2050-10-09T00:59,/courses/1150618/assignments/6873427
Lab 15: Data Structures in Python (Code),assignment,2050-10-10T23:59,/courses/1150618/assignments/6873428
"Discussion 9: OOP, Clones, Events",assignment,2050-10-05T23:59,/courses/1150618/assignments/6873429
Discussion 11: Data Structures,assignment,2050-10-19T23:59,/courses/1150618/assignments/6873430
Lab 18: Data Science (conceptual),assignment,2050-10-26T23:59,/courses/1150618/assignments/6873431
Discussion 12: Concurrency + Postterm Practice	,assignment,2050-10-26T23:59,/courses/1150618/assignments/6873432
Lecture Quiz 24: Python V - OOP,assignment,2050-10-30T23:59,/courses/1150618/assignments/6873433
Lab 16: Concurrency & Parallelism,assignment,2050-10-17T23:59,/courses/1150618/assignments/6873434
Discussion 13: Concurrency + Python HOFs	,assignment,2050-10-26T23:59,/courses/1150618/assignments/6873435
Lecture Quiz 25: Alumni Panel,assignment,2050-11-01T23:59,/courses/1150618/assignments/6873436
Lecture Quiz 19: Concurrency,assignment,2050-10-11T23:59,/courses/1150618/assignments/6873437
Lecture Quiz 20: Human Computer Interaction (Guest Lecture),assignment,2050-10-16T23:59,/courses/1150618/assignments/6873438
Project 5: Final Project Proposal,assignment,2050-10-09T23:59,/courses/1150618/assignments/6873439
Lab 14: Welcome to Python (Code),assignment,2050-10-05T23:59,/courses/1150618/assignments/6873440
Project 2: Spelling Bee,assignment,2050-08-28T23:59,/courses/1150618/assignments/6873441
Lab 18: Data Science (code),assignment,2050-10-26T23:59,/courses/1150618/assignments/6873442
Lab 14: Welcome to Python (Conceptual),assignment,2050-10-05T23:59,/courses/1150618/assignments/6873443
Lab 11: Testing + 2048 (Conceptual),assignment,2050-09-07T23:59,/courses/1150618/assignments/6873444
Midterm 3: with Snap! (Fractal),assignment,2050-10-08T23:59,/courses/1150618/assignments/6873445
Lab 6: Algorithms (Conceptual),assignment,2050-08-17T23:59,/courses/1150618/assignments/6873446
Lab 7: Algorithmic Complexity (Conceptual),assignment,2050-08-24T23:59,/courses/1150618/assignments/6873447
Lab 8: Boards (Code),assignment,2050-08-29T23:59,/courses/1150618/assignments/6873448
Project 4 RESUBMISSION: Peer Reflections / Comments,assignment,2050-10-13T23:59,/courses/1150618/assignments/6873449
Practice Midterm: With Snap! (Fractal),assignment,2050-09-14T23:59,/courses/1150618/assignments/6873450
Lab 17: Text Processing in Python (Conceptual),assignment,2050-10-19T23:59,/courses/1150618/assignments/6873451
Lab 17: Text Processing in Python (Code),assignment,2050-10-19T23:59,/courses/1150618/assignments/6873452
Project 4: Peer Reflections / Comments,assignment,2050-10-13T23:59,/courses/1150618/assignments/6873453
Lecture Quiz 23: Python III - Game Theory**,assignment,2050-10-25T23:59,/courses/1150618/assignments/6873454
Lecture Quiz 21: Ethics in AI,assignment,2050-10-20T23:59,/courses/1150618/assignments/6873455
Postterm 3: With Snap! (HOFs),assignment,2052-06-14T23:59,/courses/1150618/assignments/6873456
Lecture Quiz 16. OOP in Snap!,assignment,2050-10-04T23:59,/courses/1150618/assignments/6873457
Postterm 3: with Snap! - HOFs (MKH),assignment,2050-11-05T23:59,/courses/1150618/assignments/6873458
Lecture Quiz 21: Generative AI,assignment,2050-10-18T23:59,/courses/1150618/assignments/6873459
Lecture Quiz 26: Conclusion and Farewell!,assignment,2050-11-06T23:59,/courses/1150618/assignments/6873460
Lecture Quiz 17: Python I - Intro,assignment,2050-10-04T23:59,/courses/1150618/assignments/6873461
Practice Postterm: With Snap! With Python Total Payroll,assignment,2050-10-12T23:59,/courses/1150618/assignments/6873462
Postterm 3: with Snap! - COMBINE (C),assignment,2050-11-05T23:59,/courses/1150618/assignments/6873463
Postterm 3: with Snap! - Recursion (R),assignment,2050-11-05T23:59,/courses/1150618/assignments/6873464
Postterm 1: with Snap!,assignment,2050-10-22T23:59,/courses/1150618/assignments/6873465
Optional Lab 2: Object-Oriented Programming (Conceptual),assignment,2050-11-03T23:59,/courses/1150618/assignments/6873466
Optional Lab 1: Linear Recursion in Python (Conceptual),assignment,2050-11-03T23:59,/courses/1150618/assignments/6873467
Optional Lab 2: Object-Oriented Programming (Code),assignment,2050-11-03T23:59,/courses/1150618/assignments/6873468
Postterm 2: With Snap! (HOFs),assignment,2050-10-29T23:59,/courses/1150618/assignments/6873469
Postterm 2: with Snap! - RECURSION,assignment,2050-10-29T23:59,/courses/1150618/assignments/6873470
Optional Lab 1: Linear Recursion in Python (Code),assignment,2050-11-03T23:59,/courses/1150618/assignments/6873471
Project 5: Final Project Submission,assignment,2050-11-06T23:59,/courses/1150618/assignments/6873472
Project 5 RESUBMISSION: Final Project Submission,assignment,2050-11-06T23:59,/courses/1150618/assignments/6873473
